username,x-tweets,created_at
user1, I'm so pissed off about the damage from #HurricaneHelene!,12/19/2024
user2," What a fucked up situation with #HurricaneHelene! Stay safe, folks!",12/7/2024
user3, Hope everyone is doing well despite #HurricaneHelene.,12/2/2024
user4, The weather is really unpredictable. #HurricaneHelene,12/19/2024
user5, I'm so pissed off about the damage from #HurricaneHelene!,12/6/2024
user6, Trump would have handled #HurricaneHelene differently. #MakeAmericaGreatAgain,11/30/2024
user7, Stay safe everyone during #HurricaneHelene. Make sure to prepare!,11/30/2024
user8, Pelosi needs to step up and help the victims of #HurricaneHelene!,12/11/2024
user9, Stay safe everyone during #HurricaneHelene. Make sure to prepare!,11/26/2024
user10, Pelosi needs to step up and help the victims of #HurricaneHelene!,12/6/2024
user11, Hope everyone is doing well despite #HurricaneHelene.,12/19/2024
user12, Hope everyone is doing well despite #HurricaneHelene.,12/4/2024
user13, Hope everyone is doing well despite #HurricaneHelene.,12/5/2024
user14, Stay safe everyone during #HurricaneHelene. Make sure to prepare!,12/20/2024
user15, I'm so pissed off about the damage from #HurricaneHelene!,12/10/2024
user16, Hope everyone is doing well despite #HurricaneHelene.,11/27/2024
user17, The weather is really unpredictable. #HurricaneHelene,12/19/2024
user18, Biden is failing us during #HurricaneHelene! We need better leadership!,12/8/2024
user19, This shitshow of a storm is ruining everything! #HurricaneHelene,12/3/2024
user20, Biden is failing us during #HurricaneHelene! We need better leadership!,11/24/2024
user21, Pelosi needs to step up and help the victims of #HurricaneHelene!,12/10/2024
user22, Hope everyone is doing well despite #HurricaneHelene.,12/3/2024
user23, The weather is really unpredictable. #HurricaneHelene,12/21/2024
user24, This shitshow of a storm is ruining everything! #HurricaneHelene,12/11/2024
user25," What a fucked up situation with #HurricaneHelene! Stay safe, folks!",12/8/2024
user26, I'm so pissed off about the damage from #HurricaneHelene!,12/7/2024
user27," What a fucked up situation with #HurricaneHelene! Stay safe, folks!",12/21/2024
user28, Biden is failing us during #HurricaneHelene! We need better leadership!,12/18/2024
user29, Biden is failing us during #HurricaneHelene! We need better leadership!,12/1/2024
user30, This shitshow of a storm is ruining everything! #HurricaneHelene,12/1/2024
user31, Elon Musk should use his wealth to support those affected by #HurricaneHelene!,12/12/2024
user32, This shitshow of a storm is ruining everything! #HurricaneHelene,11/29/2024
user33, Hope everyone is doing well despite #HurricaneHelene.,12/1/2024
user34, The weather is really unpredictable. #HurricaneHelene,11/23/2024
user35, Elon Musk should use his wealth to support those affected by #HurricaneHelene!,11/26/2024
user36," What a fucked up situation with #HurricaneHelene! Stay safe, folks!",12/21/2024
user37, Elon Musk should use his wealth to support those affected by #HurricaneHelene!,12/6/2024
user38, Trump would have handled #HurricaneHelene differently. #MakeAmericaGreatAgain,12/19/2024
user39, I'm so pissed off about the damage from #HurricaneHelene!,11/25/2024
user40, Hope everyone is doing well despite #HurricaneHelene.,12/21/2024
user41, Stay safe everyone during #HurricaneHelene. Make sure to prepare!,12/15/2024
user42, The weather is really unpredictable. #HurricaneHelene,12/16/2024
user43, Elon Musk should use his wealth to support those affected by #HurricaneHelene!,11/27/2024
user44, I'm so pissed off about the damage from #HurricaneHelene!,12/20/2024
user45, I'm so pissed off about the damage from #HurricaneHelene!,12/8/2024
user46, Harris is nowhere to be seen during #HurricaneHelene. What's going on?,12/17/2024
user47, I'm so pissed off about the damage from #HurricaneHelene!,12/17/2024
user48, Trump would have handled #HurricaneHelene differently. #MakeAmericaGreatAgain,11/24/2024
user49, The weather is really unpredictable. #HurricaneHelene,12/15/2024
user50, Harris is nowhere to be seen during #HurricaneHelene. What's going on?,11/24/2024
user51, Bill Gates is more focused on his money than helping hurricane victims. #HurricaneHelene,11/22/2024
user52, The weather is really unpredictable. #HurricaneHelene,12/3/2024
user53, I'm so pissed off about the damage from #HurricaneHelene!,12/20/2024
user54, Pelosi needs to step up and help the victims of #HurricaneHelene!,12/18/2024
user55, This shitshow of a storm is ruining everything! #HurricaneHelene,12/11/2024
user56, The weather is really unpredictable. #HurricaneHelene,12/19/2024
user57, This shitshow of a storm is ruining everything! #HurricaneHelene,12/8/2024
user58, This shitshow of a storm is ruining everything! #HurricaneHelene,12/21/2024
user59, This shitshow of a storm is ruining everything! #HurricaneHelene,12/3/2024
user60, I'm so pissed off about the damage from #HurricaneHelene!,12/2/2024
user61, Bill Gates is more focused on his money than helping hurricane victims. #HurricaneHelene,11/22/2024
user62, The weather is really unpredictable. #HurricaneHelene,12/9/2024
user63, Bill Gates is more focused on his money than helping hurricane victims. #HurricaneHelene,12/11/2024
user64, Hope everyone is doing well despite #HurricaneHelene.,11/29/2024
user65, I'm so pissed off about the damage from #HurricaneHelene!,12/19/2024
user66, The weather is really unpredictable. #HurricaneHelene,12/3/2024
user67, Trump would have handled #HurricaneHelene differently. #MakeAmericaGreatAgain,12/13/2024
user68, The weather is really unpredictable. #HurricaneHelene,12/5/2024
user69, The weather is really unpredictable. #HurricaneHelene,12/10/2024
user70, Biden is failing us during #HurricaneHelene! We need better leadership!,12/6/2024
user71," What a fucked up situation with #HurricaneHelene! Stay safe, folks!",12/12/2024
user72, I'm so pissed off about the damage from #HurricaneHelene!,12/1/2024
user73, This shitshow of a storm is ruining everything! #HurricaneHelene,11/27/2024
user74, I'm so pissed off about the damage from #HurricaneHelene!,12/7/2024
user75, Hope everyone is doing well despite #HurricaneHelene.,12/17/2024
user76, Harris is nowhere to be seen during #HurricaneHelene. What's going on?,12/18/2024
user77, Stay safe everyone during #HurricaneHelene. Make sure to prepare!,12/5/2024
user78, Stay safe everyone during #HurricaneHelene. Make sure to prepare!,12/13/2024
user79, Trump would have handled #HurricaneHelene differently. #MakeAmericaGreatAgain,11/23/2024
user80," What a fucked up situation with #HurricaneHelene! Stay safe, folks!",12/18/2024
user81, Hope everyone is doing well despite #HurricaneHelene.,12/19/2024
user82," What a fucked up situation with #HurricaneHelene! Stay safe, folks!",12/4/2024
user83, Biden is failing us during #HurricaneHelene! We need better leadership!,11/27/2024
user84, I'm so pissed off about the damage from #HurricaneHelene!,12/3/2024
user85, Elon Musk should use his wealth to support those affected by #HurricaneHelene!,11/28/2024
user86, The weather is really unpredictable. #HurricaneHelene,12/11/2024
user87, Harris is nowhere to be seen during #HurricaneHelene. What's going on?,12/21/2024
user88, Hope everyone is doing well despite #HurricaneHelene.,11/22/2024
user89, The weather is really unpredictable. #HurricaneHelene,11/26/2024
user90, I'm so pissed off about the damage from #HurricaneHelene!,12/15/2024
user91, Harris is nowhere to be seen during #HurricaneHelene. What's going on?,12/21/2024
user92, Hope everyone is doing well despite #HurricaneHelene.,12/3/2024
user93, This shitshow of a storm is ruining everything! #HurricaneHelene,12/6/2024
user94, Biden is failing us during #HurricaneHelene! We need better leadership!,12/9/2024
user95, The weather is really unpredictable. #HurricaneHelene,12/12/2024
user96, Elon Musk should use his wealth to support those affected by #HurricaneHelene!,12/21/2024
user97, I'm so pissed off about the damage from #HurricaneHelene!,12/1/2024
user98, The weather is really unpredictable. #HurricaneHelene,11/26/2024
user99, Elon Musk should use his wealth to support those affected by #HurricaneHelene!,11/21/2024
user100, The weather is really unpredictable. #HurricaneHelene,11/26/2024
user101, This shitshow of a storm is ruining everything! #HurricaneHelene,12/19/2024
user102, I'm so pissed off about the damage from #HurricaneHelene!,11/24/2024
user103, Stay safe everyone during #HurricaneHelene. Make sure to prepare!,11/24/2024
user104, Elon Musk should use his wealth to support those affected by #HurricaneHelene!,12/9/2024
user105," What a fucked up situation with #HurricaneHelene! Stay safe, folks!",11/27/2024
user106, Bill Gates is more focused on his money than helping hurricane victims. #HurricaneHelene,11/24/2024
user107, This shitshow of a storm is ruining everything! #HurricaneHelene,11/28/2024
user108, This shitshow of a storm is ruining everything! #HurricaneHelene,12/20/2024
user109, Trump would have handled #HurricaneHelene differently. #MakeAmericaGreatAgain,12/10/2024
user110, The weather is really unpredictable. #HurricaneHelene,12/20/2024
user111, Pelosi needs to step up and help the victims of #HurricaneHelene!,11/21/2024
user112," What a fucked up situation with #HurricaneHelene! Stay safe, folks!",11/22/2024
user113, The weather is really unpredictable. #HurricaneHelene,12/8/2024
user114, This shitshow of a storm is ruining everything! #HurricaneHelene,12/14/2024
user115, This shitshow of a storm is ruining everything! #HurricaneHelene,12/17/2024
user116, The weather is really unpredictable. #HurricaneHelene,12/13/2024
user117," What a fucked up situation with #HurricaneHelene! Stay safe, folks!",12/15/2024
user118, The weather is really unpredictable. #HurricaneHelene,11/30/2024
user119, Stay safe everyone during #HurricaneHelene. Make sure to prepare!,12/5/2024
user120, This shitshow of a storm is ruining everything! #HurricaneHelene,12/11/2024
user121, I'm so pissed off about the damage from #HurricaneHelene!,11/27/2024
user122, Stay safe everyone during #HurricaneHelene. Make sure to prepare!,11/23/2024
user123," What a fucked up situation with #HurricaneHelene! Stay safe, folks!",11/27/2024
user124, Harris is nowhere to be seen during #HurricaneHelene. What's going on?,12/21/2024
user125, I'm so pissed off about the damage from #HurricaneHelene!,11/22/2024
user126, Hope everyone is doing well despite #HurricaneHelene.,11/27/2024
user127, Stay safe everyone during #HurricaneHelene. Make sure to prepare!,12/17/2024
user128," What a fucked up situation with #HurricaneHelene! Stay safe, folks!",12/16/2024
user129, Elon Musk should use his wealth to support those affected by #HurricaneHelene!,12/10/2024
user130, The weather is really unpredictable. #HurricaneHelene,12/16/2024
user131, Hope everyone is doing well despite #HurricaneHelene.,12/1/2024
user132," What a fucked up situation with #HurricaneHelene! Stay safe, folks!",11/26/2024
user133, Biden is failing us during #HurricaneHelene! We need better leadership!,12/20/2024
user134, Elon Musk should use his wealth to support those affected by #HurricaneHelene!,11/23/2024
user135, Bill Gates is more focused on his money than helping hurricane victims. #HurricaneHelene,12/13/2024
user136, The weather is really unpredictable. #HurricaneHelene,12/7/2024
user137," What a fucked up situation with #HurricaneHelene! Stay safe, folks!",12/9/2024
user138, Biden is failing us during #HurricaneHelene! We need better leadership!,12/17/2024
user139, Hope everyone is doing well despite #HurricaneHelene.,11/28/2024
user140," What a fucked up situation with #HurricaneHelene! Stay safe, folks!",11/23/2024
user141, Stay safe everyone during #HurricaneHelene. Make sure to prepare!,12/9/2024
user142, Biden is failing us during #HurricaneHelene! We need better leadership!,12/11/2024
user143, I'm so pissed off about the damage from #HurricaneHelene!,12/20/2024
user144, Trump would have handled #HurricaneHelene differently. #MakeAmericaGreatAgain,11/27/2024
user145, The weather is really unpredictable. #HurricaneHelene,12/12/2024
user146, I'm so pissed off about the damage from #HurricaneHelene!,12/16/2024
user147, Hope everyone is doing well despite #HurricaneHelene.,12/11/2024
user148, Stay safe everyone during #HurricaneHelene. Make sure to prepare!,11/26/2024
user149, Harris is nowhere to be seen during #HurricaneHelene. What's going on?,12/16/2024
user150, Elon Musk should use his wealth to support those affected by #HurricaneHelene!,12/17/2024
user151, Biden is failing us during #HurricaneHelene! We need better leadership!,12/5/2024
user152, The weather is really unpredictable. #HurricaneHelene,12/17/2024
user153, Harris is nowhere to be seen during #HurricaneHelene. What's going on?,11/24/2024
user154, Trump would have handled #HurricaneHelene differently. #MakeAmericaGreatAgain,12/17/2024
user155, Hope everyone is doing well despite #HurricaneHelene.,12/10/2024
user156, Hope everyone is doing well despite #HurricaneHelene.,12/13/2024
user157, The weather is really unpredictable. #HurricaneHelene,11/23/2024
user158, Pelosi needs to step up and help the victims of #HurricaneHelene!,11/22/2024
user159, I'm so pissed off about the damage from #HurricaneHelene!,11/21/2024
user160, Hope everyone is doing well despite #HurricaneHelene.,12/6/2024
user161, Elon Musk should use his wealth to support those affected by #HurricaneHelene!,12/12/2024
user162, The weather is really unpredictable. #HurricaneHelene,12/16/2024
user163, Stay safe everyone during #HurricaneHelene. Make sure to prepare!,12/11/2024
user164, Bill Gates is more focused on his money than helping hurricane victims. #HurricaneHelene,12/5/2024
user165, Pelosi needs to step up and help the victims of #HurricaneHelene!,12/1/2024
user166, The weather is really unpredictable. #HurricaneHelene,12/11/2024
user167, Elon Musk should use his wealth to support those affected by #HurricaneHelene!,12/4/2024
user168, Trump would have handled #HurricaneHelene differently. #MakeAmericaGreatAgain,11/23/2024
user169, This shitshow of a storm is ruining everything! #HurricaneHelene,12/3/2024
user170, Harris is nowhere to be seen during #HurricaneHelene. What's going on?,11/23/2024
user171, This shitshow of a storm is ruining everything! #HurricaneHelene,11/22/2024
user172, Stay safe everyone during #HurricaneHelene. Make sure to prepare!,12/1/2024
user173, Harris is nowhere to be seen during #HurricaneHelene. What's going on?,12/7/2024
user174, Hope everyone is doing well despite #HurricaneHelene.,11/29/2024
user175, Trump would have handled #HurricaneHelene differently. #MakeAmericaGreatAgain,12/4/2024
user176, The weather is really unpredictable. #HurricaneHelene,11/25/2024
user177, Elon Musk should use his wealth to support those affected by #HurricaneHelene!,12/2/2024
user178, I'm so pissed off about the damage from #HurricaneHelene!,12/2/2024
user179, Hope everyone is doing well despite #HurricaneHelene.,12/9/2024
user180, Trump would have handled #HurricaneHelene differently. #MakeAmericaGreatAgain,12/15/2024
user181, I'm so pissed off about the damage from #HurricaneHelene!,12/15/2024
user182," What a fucked up situation with #HurricaneHelene! Stay safe, folks!",12/11/2024
user183, The weather is really unpredictable. #HurricaneHelene,12/6/2024
user184, Trump would have handled #HurricaneHelene differently. #MakeAmericaGreatAgain,11/28/2024
user185, This shitshow of a storm is ruining everything! #HurricaneHelene,12/8/2024
user186, Trump would have handled #HurricaneHelene differently. #MakeAmericaGreatAgain,12/18/2024
user187, Stay safe everyone during #HurricaneHelene. Make sure to prepare!,11/30/2024
user188, This shitshow of a storm is ruining everything! #HurricaneHelene,11/28/2024
user189," What a fucked up situation with #HurricaneHelene! Stay safe, folks!",11/29/2024
user190, The weather is really unpredictable. #HurricaneHelene,11/27/2024
user191, Hope everyone is doing well despite #HurricaneHelene.,12/9/2024
user192," What a fucked up situation with #HurricaneHelene! Stay safe, folks!",12/8/2024
user193, Hope everyone is doing well despite #HurricaneHelene.,12/10/2024
user194, Bill Gates is more focused on his money than helping hurricane victims. #HurricaneHelene,12/5/2024
user195, Stay safe everyone during #HurricaneHelene. Make sure to prepare!,12/11/2024
user196, Trump would have handled #HurricaneHelene differently. #MakeAmericaGreatAgain,12/18/2024
user197, Hope everyone is doing well despite #HurricaneHelene.,12/6/2024
user198, Trump would have handled #HurricaneHelene differently. #MakeAmericaGreatAgain,12/21/2024
user199, Hope everyone is doing well despite #HurricaneHelene.,12/5/2024
user200, I'm so pissed off about the damage from #HurricaneHelene!,12/8/2024
user201, I'm so pissed off about the damage from #HurricaneHelene!,11/23/2024
user202, Bill Gates is more focused on his money than helping hurricane victims. #HurricaneHelene,12/3/2024
user203," What a fucked up situation with #HurricaneHelene! Stay safe, folks!",11/30/2024
user204, Trump would have handled #HurricaneHelene differently. #MakeAmericaGreatAgain,12/11/2024
user205, The weather is really unpredictable. #HurricaneHelene,12/19/2024
user206, Hope everyone is doing well despite #HurricaneHelene.,11/25/2024
user207, I'm so pissed off about the damage from #HurricaneHelene!,11/24/2024
user208, This shitshow of a storm is ruining everything! #HurricaneHelene,12/9/2024
user209," What a fucked up situation with #HurricaneHelene! Stay safe, folks!",12/17/2024
user210, This shitshow of a storm is ruining everything! #HurricaneHelene,12/11/2024
user211, Trump would have handled #HurricaneHelene differently. #MakeAmericaGreatAgain,12/6/2024
user212, Stay safe everyone during #HurricaneHelene. Make sure to prepare!,12/13/2024
user213, Stay safe everyone during #HurricaneHelene. Make sure to prepare!,12/7/2024
user214, I'm so pissed off about the damage from #HurricaneHelene!,12/21/2024
user215, Elon Musk should use his wealth to support those affected by #HurricaneHelene!,12/13/2024
user216, Hope everyone is doing well despite #HurricaneHelene.,11/27/2024
user217," What a fucked up situation with #HurricaneHelene! Stay safe, folks!",12/13/2024
user218, Bill Gates is more focused on his money than helping hurricane victims. #HurricaneHelene,12/13/2024
user219, Pelosi needs to step up and help the victims of #HurricaneHelene!,12/2/2024
user220, Elon Musk should use his wealth to support those affected by #HurricaneHelene!,12/21/2024
user221, Biden is failing us during #HurricaneHelene! We need better leadership!,12/3/2024
user222, The weather is really unpredictable. #HurricaneHelene,12/20/2024
user223, The weather is really unpredictable. #HurricaneHelene,12/17/2024
user224, Biden is failing us during #HurricaneHelene! We need better leadership!,12/8/2024
user225, Stay safe everyone during #HurricaneHelene. Make sure to prepare!,11/25/2024
user226, Hope everyone is doing well despite #HurricaneHelene.,12/15/2024
user227, Stay safe everyone during #HurricaneHelene. Make sure to prepare!,12/8/2024
user228, Hope everyone is doing well despite #HurricaneHelene.,11/25/2024
user229, Hope everyone is doing well despite #HurricaneHelene.,11/25/2024
user230, This shitshow of a storm is ruining everything! #HurricaneHelene,12/13/2024
user231," What a fucked up situation with #HurricaneHelene! Stay safe, folks!",11/21/2024
user232, Pelosi needs to step up and help the victims of #HurricaneHelene!,12/13/2024
user233, The weather is really unpredictable. #HurricaneHelene,11/24/2024
user234," What a fucked up situation with #HurricaneHelene! Stay safe, folks!",11/24/2024
user235, The weather is really unpredictable. #HurricaneHelene,12/5/2024
user236, Biden is failing us during #HurricaneHelene! We need better leadership!,12/2/2024
user237, Elon Musk should use his wealth to support those affected by #HurricaneHelene!,11/26/2024
user238, Trump would have handled #HurricaneHelene differently. #MakeAmericaGreatAgain,11/21/2024
user239, The weather is really unpredictable. #HurricaneHelene,12/2/2024
user240, Stay safe everyone during #HurricaneHelene. Make sure to prepare!,12/1/2024
user241, I'm so pissed off about the damage from #HurricaneHelene!,12/7/2024
user242, Bill Gates is more focused on his money than helping hurricane victims. #HurricaneHelene,12/4/2024
user243, Biden is failing us during #HurricaneHelene! We need better leadership!,11/22/2024
user244, The weather is really unpredictable. #HurricaneHelene,12/7/2024
user245, I'm so pissed off about the damage from #HurricaneHelene!,12/3/2024
user246, Stay safe everyone during #HurricaneHelene. Make sure to prepare!,12/12/2024
user247, Elon Musk should use his wealth to support those affected by #HurricaneHelene!,12/14/2024
user248, Trump would have handled #HurricaneHelene differently. #MakeAmericaGreatAgain,12/3/2024
user249, Harris is nowhere to be seen during #HurricaneHelene. What's going on?,11/23/2024
user250, I'm so pissed off about the damage from #HurricaneHelene!,12/8/2024
user251," What a fucked up situation with #HurricaneHelene! Stay safe, folks!",12/14/2024
user252," What a fucked up situation with #HurricaneHelene! Stay safe, folks!",11/28/2024
user253, Stay safe everyone during #HurricaneHelene. Make sure to prepare!,11/27/2024
user254, This shitshow of a storm is ruining everything! #HurricaneHelene,11/24/2024
user255," What a fucked up situation with #HurricaneHelene! Stay safe, folks!",11/27/2024
user256, Hope everyone is doing well despite #HurricaneHelene.,12/10/2024
user257, Stay safe everyone during #HurricaneHelene. Make sure to prepare!,11/26/2024
user258, Trump would have handled #HurricaneHelene differently. #MakeAmericaGreatAgain,12/4/2024
user259, Hope everyone is doing well despite #HurricaneHelene.,11/28/2024
user260, Hope everyone is doing well despite #HurricaneHelene.,12/1/2024
user261, Stay safe everyone during #HurricaneHelene. Make sure to prepare!,12/1/2024
user262, Stay safe everyone during #HurricaneHelene. Make sure to prepare!,12/16/2024
user263, Hope everyone is doing well despite #HurricaneHelene.,12/2/2024
user264, Biden is failing us during #HurricaneHelene! We need better leadership!,11/30/2024
user265, Stay safe everyone during #HurricaneHelene. Make sure to prepare!,12/3/2024
user266, I'm so pissed off about the damage from #HurricaneHelene!,11/27/2024
user267, Bill Gates is more focused on his money than helping hurricane victims. #HurricaneHelene,12/19/2024
user268," What a fucked up situation with #HurricaneHelene! Stay safe, folks!",12/11/2024
user269, Elon Musk should use his wealth to support those affected by #HurricaneHelene!,12/11/2024
user270, Hope everyone is doing well despite #HurricaneHelene.,12/2/2024
user271, The weather is really unpredictable. #HurricaneHelene,12/3/2024
user272, The weather is really unpredictable. #HurricaneHelene,12/13/2024
user273, Harris is nowhere to be seen during #HurricaneHelene. What's going on?,12/5/2024
user274," What a fucked up situation with #HurricaneHelene! Stay safe, folks!",11/23/2024
user275, The weather is really unpredictable. #HurricaneHelene,12/6/2024
user276, Stay safe everyone during #HurricaneHelene. Make sure to prepare!,12/4/2024
user277, Harris is nowhere to be seen during #HurricaneHelene. What's going on?,12/14/2024
user278, Harris is nowhere to be seen during #HurricaneHelene. What's going on?,11/29/2024
user279, I'm so pissed off about the damage from #HurricaneHelene!,12/20/2024
user280, Trump would have handled #HurricaneHelene differently. #MakeAmericaGreatAgain,12/12/2024
user281, The weather is really unpredictable. #HurricaneHelene,12/3/2024
user282, Biden is failing us during #HurricaneHelene! We need better leadership!,12/8/2024
user283, Harris is nowhere to be seen during #HurricaneHelene. What's going on?,12/3/2024
user284, Trump would have handled #HurricaneHelene differently. #MakeAmericaGreatAgain,12/9/2024
user285, Pelosi needs to step up and help the victims of #HurricaneHelene!,12/7/2024
user286, I'm so pissed off about the damage from #HurricaneHelene!,12/16/2024
user287, Harris is nowhere to be seen during #HurricaneHelene. What's going on?,12/15/2024
user288, Hope everyone is doing well despite #HurricaneHelene.,12/17/2024
user289, The weather is really unpredictable. #HurricaneHelene,11/28/2024
user290, I'm so pissed off about the damage from #HurricaneHelene!,11/21/2024
user291, I'm so pissed off about the damage from #HurricaneHelene!,12/8/2024
user292, Hope everyone is doing well despite #HurricaneHelene.,11/27/2024
user293, Trump would have handled #HurricaneHelene differently. #MakeAmericaGreatAgain,11/21/2024
user294," What a fucked up situation with #HurricaneHelene! Stay safe, folks!",12/4/2024
user295, Biden is failing us during #HurricaneHelene! We need better leadership!,12/6/2024
user296, This shitshow of a storm is ruining everything! #HurricaneHelene,12/4/2024
user297, Biden is failing us during #HurricaneHelene! We need better leadership!,12/16/2024
user298, This shitshow of a storm is ruining everything! #HurricaneHelene,11/26/2024
user299, This shitshow of a storm is ruining everything! #HurricaneHelene,11/21/2024
user300, Hope everyone is doing well despite #HurricaneHelene.,12/20/2024
user301, Trump would have handled #HurricaneHelene differently. #MakeAmericaGreatAgain,12/6/2024
user302, Stay safe everyone during #HurricaneHelene. Make sure to prepare!,12/8/2024
user303, This shitshow of a storm is ruining everything! #HurricaneHelene,12/21/2024
user304," What a fucked up situation with #HurricaneHelene! Stay safe, folks!",12/5/2024
user305," What a fucked up situation with #HurricaneHelene! Stay safe, folks!",11/25/2024
user306, Stay safe everyone during #HurricaneHelene. Make sure to prepare!,12/2/2024
user307, Elon Musk should use his wealth to support those affected by #HurricaneHelene!,12/17/2024
user308, I'm so pissed off about the damage from #HurricaneHelene!,11/21/2024
user309, This shitshow of a storm is ruining everything! #HurricaneHelene,12/19/2024
user310, Elon Musk should use his wealth to support those affected by #HurricaneHelene!,12/3/2024
user311, This shitshow of a storm is ruining everything! #HurricaneHelene,12/2/2024
user312, Hope everyone is doing well despite #HurricaneHelene.,12/17/2024
user313, Stay safe everyone during #HurricaneHelene. Make sure to prepare!,12/3/2024
user314, Bill Gates is more focused on his money than helping hurricane victims. #HurricaneHelene,12/17/2024
user315, Trump would have handled #HurricaneHelene differently. #MakeAmericaGreatAgain,12/17/2024
user316, Stay safe everyone during #HurricaneHelene. Make sure to prepare!,11/30/2024
user317," What a fucked up situation with #HurricaneHelene! Stay safe, folks!",12/5/2024
user318, Trump would have handled #HurricaneHelene differently. #MakeAmericaGreatAgain,12/19/2024
user319, Elon Musk should use his wealth to support those affected by #HurricaneHelene!,12/3/2024
user320, The weather is really unpredictable. #HurricaneHelene,12/7/2024
user321, This shitshow of a storm is ruining everything! #HurricaneHelene,12/9/2024
user322, Pelosi needs to step up and help the victims of #HurricaneHelene!,11/24/2024
user323, Stay safe everyone during #HurricaneHelene. Make sure to prepare!,11/22/2024
user324, Stay safe everyone during #HurricaneHelene. Make sure to prepare!,12/3/2024
user325, Hope everyone is doing well despite #HurricaneHelene.,12/6/2024
user326, Bill Gates is more focused on his money than helping hurricane victims. #HurricaneHelene,12/18/2024
user327, Trump would have handled #HurricaneHelene differently. #MakeAmericaGreatAgain,12/19/2024
user328, I'm so pissed off about the damage from #HurricaneHelene!,12/2/2024
user329, Pelosi needs to step up and help the victims of #HurricaneHelene!,12/18/2024
user330, Pelosi needs to step up and help the victims of #HurricaneHelene!,12/11/2024
user331, Hope everyone is doing well despite #HurricaneHelene.,12/6/2024
user332, This shitshow of a storm is ruining everything! #HurricaneHelene,11/23/2024
user333, The weather is really unpredictable. #HurricaneHelene,12/15/2024
user334, Hope everyone is doing well despite #HurricaneHelene.,12/11/2024
user335, Pelosi needs to step up and help the victims of #HurricaneHelene!,12/20/2024
user336, This shitshow of a storm is ruining everything! #HurricaneHelene,11/29/2024
user337, Stay safe everyone during #HurricaneHelene. Make sure to prepare!,12/14/2024
user338, This shitshow of a storm is ruining everything! #HurricaneHelene,12/20/2024
user339, This shitshow of a storm is ruining everything! #HurricaneHelene,12/13/2024
user340, Hope everyone is doing well despite #HurricaneHelene.,12/21/2024
user341, Stay safe everyone during #HurricaneHelene. Make sure to prepare!,12/11/2024
user342, The weather is really unpredictable. #HurricaneHelene,12/9/2024
user343, Hope everyone is doing well despite #HurricaneHelene.,11/24/2024
user344, Bill Gates is more focused on his money than helping hurricane victims. #HurricaneHelene,12/4/2024
user345, Elon Musk should use his wealth to support those affected by #HurricaneHelene!,12/9/2024
user346, Hope everyone is doing well despite #HurricaneHelene.,11/30/2024
user347, Hope everyone is doing well despite #HurricaneHelene.,12/3/2024
user348, I'm so pissed off about the damage from #HurricaneHelene!,11/30/2024
user349, I'm so pissed off about the damage from #HurricaneHelene!,12/18/2024
user350, Elon Musk should use his wealth to support those affected by #HurricaneHelene!,12/19/2024
user351, Harris is nowhere to be seen during #HurricaneHelene. What's going on?,12/10/2024
user352, I'm so pissed off about the damage from #HurricaneHelene!,12/13/2024
user353, Biden is failing us during #HurricaneHelene! We need better leadership!,12/6/2024
user354," What a fucked up situation with #HurricaneHelene! Stay safe, folks!",12/1/2024
user355, Bill Gates is more focused on his money than helping hurricane victims. #HurricaneHelene,12/15/2024
user356, I'm so pissed off about the damage from #HurricaneHelene!,11/27/2024
user357, This shitshow of a storm is ruining everything! #HurricaneHelene,12/11/2024
user358, Hope everyone is doing well despite #HurricaneHelene.,12/15/2024
user359, Trump would have handled #HurricaneHelene differently. #MakeAmericaGreatAgain,12/1/2024
user360, Hope everyone is doing well despite #HurricaneHelene.,12/19/2024
user361, Elon Musk should use his wealth to support those affected by #HurricaneHelene!,12/16/2024
user362, Stay safe everyone during #HurricaneHelene. Make sure to prepare!,12/9/2024
user363, Harris is nowhere to be seen during #HurricaneHelene. What's going on?,12/4/2024
user364," What a fucked up situation with #HurricaneHelene! Stay safe, folks!",12/16/2024
user365, Stay safe everyone during #HurricaneHelene. Make sure to prepare!,12/5/2024
user366, The weather is really unpredictable. #HurricaneHelene,12/15/2024
user367," What a fucked up situation with #HurricaneHelene! Stay safe, folks!",12/13/2024
user368, I'm so pissed off about the damage from #HurricaneHelene!,11/28/2024
user369, Trump would have handled #HurricaneHelene differently. #MakeAmericaGreatAgain,12/7/2024
user370, The weather is really unpredictable. #HurricaneHelene,12/21/2024
user371, Trump would have handled #HurricaneHelene differently. #MakeAmericaGreatAgain,11/26/2024
user372, Bill Gates is more focused on his money than helping hurricane victims. #HurricaneHelene,12/15/2024
user373, Stay safe everyone during #HurricaneHelene. Make sure to prepare!,12/10/2024
user374, Elon Musk should use his wealth to support those affected by #HurricaneHelene!,12/16/2024
user375," What a fucked up situation with #HurricaneHelene! Stay safe, folks!",12/14/2024
user376, Stay safe everyone during #HurricaneHelene. Make sure to prepare!,11/25/2024
user377, Hope everyone is doing well despite #HurricaneHelene.,12/6/2024
user378, Biden is failing us during #HurricaneHelene! We need better leadership!,11/21/2024
user379, Elon Musk should use his wealth to support those affected by #HurricaneHelene!,12/15/2024
user380, Harris is nowhere to be seen during #HurricaneHelene. What's going on?,11/29/2024
user381, Stay safe everyone during #HurricaneHelene. Make sure to prepare!,11/28/2024
user382, Pelosi needs to step up and help the victims of #HurricaneHelene!,12/3/2024
user383, The weather is really unpredictable. #HurricaneHelene,12/2/2024
user384, Hope everyone is doing well despite #HurricaneHelene.,12/1/2024
user385, Biden is failing us during #HurricaneHelene! We need better leadership!,12/20/2024
user386, This shitshow of a storm is ruining everything! #HurricaneHelene,12/7/2024
user387, Stay safe everyone during #HurricaneHelene. Make sure to prepare!,11/28/2024
user388, I'm so pissed off about the damage from #HurricaneHelene!,12/14/2024
user389," What a fucked up situation with #HurricaneHelene! Stay safe, folks!",12/11/2024
user390, Biden is failing us during #HurricaneHelene! We need better leadership!,12/8/2024
user391, Hope everyone is doing well despite #HurricaneHelene.,12/13/2024
user392, The weather is really unpredictable. #HurricaneHelene,12/14/2024
user393," What a fucked up situation with #HurricaneHelene! Stay safe, folks!",12/18/2024
user394, This shitshow of a storm is ruining everything! #HurricaneHelene,12/6/2024
user395, Elon Musk should use his wealth to support those affected by #HurricaneHelene!,12/16/2024
user396, Biden is failing us during #HurricaneHelene! We need better leadership!,12/2/2024
user397, Stay safe everyone during #HurricaneHelene. Make sure to prepare!,12/19/2024
user398, This shitshow of a storm is ruining everything! #HurricaneHelene,12/7/2024
user399, Biden is failing us during #HurricaneHelene! We need better leadership!,11/27/2024
user400, Trump would have handled #HurricaneHelene differently. #MakeAmericaGreatAgain,12/4/2024
user401," What a fucked up situation with #HurricaneHelene! Stay safe, folks!",12/16/2024
user402," What a fucked up situation with #HurricaneHelene! Stay safe, folks!",12/18/2024
user403, Hope everyone is doing well despite #HurricaneHelene.,12/18/2024
user404, Hope everyone is doing well despite #HurricaneHelene.,11/25/2024
user405, I'm so pissed off about the damage from #HurricaneHelene!,11/27/2024
user406, Bill Gates is more focused on his money than helping hurricane victims. #HurricaneHelene,11/27/2024
user407, Elon Musk should use his wealth to support those affected by #HurricaneHelene!,11/27/2024
user408, Pelosi needs to step up and help the victims of #HurricaneHelene!,12/9/2024
user409," What a fucked up situation with #HurricaneHelene! Stay safe, folks!",11/27/2024
user410, Biden is failing us during #HurricaneHelene! We need better leadership!,12/20/2024
user411," What a fucked up situation with #HurricaneHelene! Stay safe, folks!",12/14/2024
user412, This shitshow of a storm is ruining everything! #HurricaneHelene,12/16/2024
user413, Stay safe everyone during #HurricaneHelene. Make sure to prepare!,11/28/2024
user414, Bill Gates is more focused on his money than helping hurricane victims. #HurricaneHelene,11/29/2024
user415, The weather is really unpredictable. #HurricaneHelene,11/25/2024
user416," What a fucked up situation with #HurricaneHelene! Stay safe, folks!",11/30/2024
user417, Stay safe everyone during #HurricaneHelene. Make sure to prepare!,12/12/2024
user418, Harris is nowhere to be seen during #HurricaneHelene. What's going on?,12/2/2024
user419, The weather is really unpredictable. #HurricaneHelene,12/1/2024
user420, Harris is nowhere to be seen during #HurricaneHelene. What's going on?,11/24/2024
user421, Hope everyone is doing well despite #HurricaneHelene.,12/7/2024
user422, I'm so pissed off about the damage from #HurricaneHelene!,11/25/2024
user423, Stay safe everyone during #HurricaneHelene. Make sure to prepare!,12/1/2024
user424, I'm so pissed off about the damage from #HurricaneHelene!,11/28/2024
user425, Hope everyone is doing well despite #HurricaneHelene.,12/8/2024
user426, Trump would have handled #HurricaneHelene differently. #MakeAmericaGreatAgain,12/15/2024
user427, I'm so pissed off about the damage from #HurricaneHelene!,12/15/2024
user428, Stay safe everyone during #HurricaneHelene. Make sure to prepare!,12/12/2024
user429, Trump would have handled #HurricaneHelene differently. #MakeAmericaGreatAgain,12/6/2024
user430, Biden is failing us during #HurricaneHelene! We need better leadership!,12/16/2024
user431, I'm so pissed off about the damage from #HurricaneHelene!,12/17/2024
user432, Elon Musk should use his wealth to support those affected by #HurricaneHelene!,11/21/2024
user433, Bill Gates is more focused on his money than helping hurricane victims. #HurricaneHelene,11/28/2024
user434, Stay safe everyone during #HurricaneHelene. Make sure to prepare!,12/15/2024
user435, Stay safe everyone during #HurricaneHelene. Make sure to prepare!,12/11/2024
user436, Bill Gates is more focused on his money than helping hurricane victims. #HurricaneHelene,12/4/2024
user437, Biden is failing us during #HurricaneHelene! We need better leadership!,12/18/2024
user438, I'm so pissed off about the damage from #HurricaneHelene!,12/8/2024
user439, This shitshow of a storm is ruining everything! #HurricaneHelene,11/27/2024
user440," What a fucked up situation with #HurricaneHelene! Stay safe, folks!",11/25/2024
user441, Trump would have handled #HurricaneHelene differently. #MakeAmericaGreatAgain,12/9/2024
user442, Pelosi needs to step up and help the victims of #HurricaneHelene!,12/12/2024
user443, The weather is really unpredictable. #HurricaneHelene,12/21/2024
user444, This shitshow of a storm is ruining everything! #HurricaneHelene,11/26/2024
user445, This shitshow of a storm is ruining everything! #HurricaneHelene,12/8/2024
user446, Hope everyone is doing well despite #HurricaneHelene.,12/7/2024
user447, Trump would have handled #HurricaneHelene differently. #MakeAmericaGreatAgain,12/6/2024
user448, Hope everyone is doing well despite #HurricaneHelene.,11/27/2024
user449, This shitshow of a storm is ruining everything! #HurricaneHelene,12/12/2024
user450," What a fucked up situation with #HurricaneHelene! Stay safe, folks!",11/28/2024
user451," What a fucked up situation with #HurricaneHelene! Stay safe, folks!",12/1/2024
user452, This shitshow of a storm is ruining everything! #HurricaneHelene,12/3/2024
user453, The weather is really unpredictable. #HurricaneHelene,12/8/2024
user454, This shitshow of a storm is ruining everything! #HurricaneHelene,12/11/2024
user455," What a fucked up situation with #HurricaneHelene! Stay safe, folks!",12/15/2024
user456, Elon Musk should use his wealth to support those affected by #HurricaneHelene!,11/25/2024
user457, Stay safe everyone during #HurricaneHelene. Make sure to prepare!,12/19/2024
user458, This shitshow of a storm is ruining everything! #HurricaneHelene,12/12/2024
user459, Trump would have handled #HurricaneHelene differently. #MakeAmericaGreatAgain,12/20/2024
user460, Hope everyone is doing well despite #HurricaneHelene.,12/9/2024
user461, Stay safe everyone during #HurricaneHelene. Make sure to prepare!,12/6/2024
user462, Stay safe everyone during #HurricaneHelene. Make sure to prepare!,12/5/2024
user463," What a fucked up situation with #HurricaneHelene! Stay safe, folks!",11/24/2024
user464, Biden is failing us during #HurricaneHelene! We need better leadership!,12/8/2024
user465, I'm so pissed off about the damage from #HurricaneHelene!,11/29/2024
user466, Hope everyone is doing well despite #HurricaneHelene.,12/4/2024
user467, Trump would have handled #HurricaneHelene differently. #MakeAmericaGreatAgain,11/28/2024
user468, The weather is really unpredictable. #HurricaneHelene,11/24/2024
user469, I'm so pissed off about the damage from #HurricaneHelene!,11/28/2024
user470, I'm so pissed off about the damage from #HurricaneHelene!,12/17/2024
user471," What a fucked up situation with #HurricaneHelene! Stay safe, folks!",12/8/2024
user472, Elon Musk should use his wealth to support those affected by #HurricaneHelene!,12/19/2024
user473," What a fucked up situation with #HurricaneHelene! Stay safe, folks!",11/24/2024
user474, The weather is really unpredictable. #HurricaneHelene,12/15/2024
user475, Hope everyone is doing well despite #HurricaneHelene.,12/3/2024
user476, Stay safe everyone during #HurricaneHelene. Make sure to prepare!,11/26/2024
user477, The weather is really unpredictable. #HurricaneHelene,12/17/2024
user478, Stay safe everyone during #HurricaneHelene. Make sure to prepare!,12/9/2024
user479," What a fucked up situation with #HurricaneHelene! Stay safe, folks!",12/14/2024
user480, Stay safe everyone during #HurricaneHelene. Make sure to prepare!,12/15/2024
user481, I'm so pissed off about the damage from #HurricaneHelene!,11/26/2024
user482, The weather is really unpredictable. #HurricaneHelene,12/7/2024
user483, I'm so pissed off about the damage from #HurricaneHelene!,12/14/2024
user484, Biden is failing us during #HurricaneHelene! We need better leadership!,12/21/2024
user485, Stay safe everyone during #HurricaneHelene. Make sure to prepare!,11/21/2024
user486, Hope everyone is doing well despite #HurricaneHelene.,12/10/2024
user487, This shitshow of a storm is ruining everything! #HurricaneHelene,12/11/2024
user488, Hope everyone is doing well despite #HurricaneHelene.,12/14/2024
user489, Harris is nowhere to be seen during #HurricaneHelene. What's going on?,11/26/2024
user490, The weather is really unpredictable. #HurricaneHelene,12/17/2024
user491, Hope everyone is doing well despite #HurricaneHelene.,11/24/2024
user492," What a fucked up situation with #HurricaneHelene! Stay safe, folks!",12/15/2024
user493, Hope everyone is doing well despite #HurricaneHelene.,12/13/2024
user494," What a fucked up situation with #HurricaneHelene! Stay safe, folks!",12/9/2024
user495, The weather is really unpredictable. #HurricaneHelene,11/23/2024
user496, Stay safe everyone during #HurricaneHelene. Make sure to prepare!,12/6/2024
user497, Hope everyone is doing well despite #HurricaneHelene.,11/21/2024
user498, I'm so pissed off about the damage from #HurricaneHelene!,12/18/2024
user499, The weather is really unpredictable. #HurricaneHelene,12/13/2024
user500, Elon Musk should use his wealth to support those affected by #HurricaneHelene!,12/6/2024